{
  "metadata": {
    "timestamp": "2026-03-27T05:09:33Z",
    "seeds": [
      0,
      1,
      2,
      3,
      4,
      5,
      6,
      7,
      8,
      9
    ],
    "n_seeds": 10,
    "iterations_kem": 30,
    "iterations_dsa": 30,
    "iterations_slh": 20,
    "iterations_rsa": 8,
    "iterations_ecdsa": 50,
    "primary_metric_key": "keygen_latency_ms",
    "primary_metric_direction": "minimize",
    "ci_method": "t-distribution, df=n_seeds-1"
  },
  "conditions": {
    "ML-KEM-512": {
      "keygen_latency_ms": 0.6950371166669811,
      "encap_latency_ms": 0.005572719999994055,
      "decap_latency_ms": 0.001585646670037022,
      "ops_per_second": 1458.2879247327794,
      "primary_metric": 0.6950371166669811,
      "pk_size_bytes": 800.0,
      "sk_size_bytes": 1632.0,
      "ct_size_bytes": 768.0,
      "security_level": 128.0,
      "primary_metric_mean": 0.6950371166669811,
      "primary_metric_std": 0.08649221845666438,
      "primary_metric_cv": 12.444258929858867,
      "ci_95": 0.06187280578722702,
      "n_seeds": 10,
      "per_seed_values": [
        0.8433069000072162,
        0.8061693999896609,
        0.761927066669917,
        0.716389566681149,
        0.6582795666645325,
        0.6788481666641625,
        0.6809072333301932,
        0.6009673333361812,
        0.5994594666579662,
        0.6041164666688322
      ]
    },
    "ML-KEM-768": {
      "keygen_latency_ms": 1.3483590133319012,
      "encap_latency_ms": 0.006709406665853142,
      "decap_latency_ms": 0.0015486633355976664,
      "ops_per_second": 750.219158976183,
      "primary_metric": 1.3483590133319012,
      "pk_size_bytes": 1184.0,
      "sk_size_bytes": 2400.0,
      "ct_size_bytes": 1088.0,
      "security_level": 192.0,
      "primary_metric_mean": 1.3483590133319012,
      "primary_metric_std": 0.15774509031119846,
      "primary_metric_cv": 11.699042224770533,
      "ci_95": 0.1128440397398702,
      "n_seeds": 10,
      "per_seed_values": [
        1.257664933329276,
        1.2537886000094052,
        1.2092766666720915,
        1.216687066657111,
        1.4924213666631658,
        1.3841285999963777,
        1.5941207666590647,
        1.599687533348515,
        1.2307034666567538,
        1.2451111333272518
      ]
    },
    "ML-KEM-1024": {
      "keygen_latency_ms": 2.148923036662988,
      "encap_latency_ms": 0.007488639999261674,
      "decap_latency_ms": 0.0014678133337990098,
      "ops_per_second": 466.11943154562886,
      "primary_metric": 2.148923036662988,
      "pk_size_bytes": 1568.0,
      "sk_size_bytes": 3168.0,
      "ct_size_bytes": 1568.0,
      "security_level": 256.0,
      "primary_metric_mean": 2.148923036662988,
      "primary_metric_std": 0.09218109637680992,
      "primary_metric_cv": 4.289641592746652,
      "ci_95": 0.06594238389472773,
      "n_seeds": 10,
      "per_seed_values": [
        2.2914283999928857,
        2.2267183666675314,
        2.206424099991485,
        2.14946943334553,
        2.013395866663359,
        2.2513435666458768,
        2.088516266667284,
        2.0433998000044085,
        2.1126407333213137,
        2.105893833330204
      ]
    },
    "ML-DSA-2": {
      "keygen_latency_ms": 1.9796709066652813,
      "sign_latency_ms": 0.12755915999794828,
      "verify_latency_ms": 0.0003435966675624513,
      "ops_per_second": 506.0526761203987,
      "primary_metric": 1.9796709066652813,
      "pk_size_bytes": 1312.0,
      "sk_size_bytes": 2528.0,
      "sig_size_bytes": 2420.0,
      "security_level": 128.0,
      "primary_metric_mean": 1.9796709066652813,
      "primary_metric_std": 0.09178092296730957,
      "primary_metric_cv": 4.63617072202737,
      "ci_95": 0.06565611708264875,
      "n_seeds": 10,
      "per_seed_values": [
        1.9467773000011828,
        1.9597323333376457,
        1.9038538000093772,
        1.9086766333202831,
        1.9986151000011887,
        2.00138393333494,
        1.9465679000101468,
        2.031232799985598,
        1.8932710999782405,
        2.206598166674212
      ]
    },
    "ML-DSA-3": {
      "keygen_latency_ms": 3.919666813328225,
      "sign_latency_ms": 0.16889988000192108,
      "verify_latency_ms": 0.00048751667350188654,
      "ops_per_second": 257.32230738522395,
      "primary_metric": 3.919666813328225,
      "pk_size_bytes": 1952.0,
      "sk_size_bytes": 4000.0,
      "sig_size_bytes": 3293.0,
      "security_level": 192.0,
      "primary_metric_mean": 3.919666813328225,
      "primary_metric_std": 0.4065631415737183,
      "primary_metric_cv": 10.37239033152672,
      "ci_95": 0.2908377510450746,
      "n_seeds": 10,
      "per_seed_values": [
        3.941608966673963,
        4.505049199993513,
        4.804833200000758,
        3.7581733666608366,
        3.6310593333193233,
        3.6484716333272145,
        3.8632549333328825,
        3.6305798999781778,
        3.6883062333383045,
        3.725331366657277
      ]
    },
    "ML-DSA-5": {
      "keygen_latency_ms": 6.776614126667558,
      "sign_latency_ms": 0.1692306166648905,
      "verify_latency_ms": 0.0004319366651846697,
      "ops_per_second": 147.6389500255947,
      "primary_metric": 6.776614126667558,
      "pk_size_bytes": 2592.0,
      "sk_size_bytes": 4864.0,
      "sig_size_bytes": 4595.0,
      "security_level": 256.0,
      "primary_metric_mean": 6.776614126667558,
      "primary_metric_std": 0.15758385924855636,
      "primary_metric_cv": 2.325406999764486,
      "ci_95": 0.11272870198574933,
      "n_seeds": 10,
      "per_seed_values": [
        6.928177833325814,
        6.73263160000109,
        6.955055500012955,
        6.609406066669028,
        6.909727566653601,
        6.858486999995724,
        6.550580066668014,
        6.868088766664945,
        6.809391033342157,
        6.544595833342252
      ]
    },
    "SLH-DSA-sha2-128s": {
      "keygen_latency_ms": 106.11120045499945,
      "sign_latency_ms": 0.025024324997957592,
      "verify_latency_ms": 0.0007415000027322094,
      "ops_per_second": 9.431707005093092,
      "primary_metric": 106.11120045499945,
      "pk_size_bytes": 32.0,
      "sk_size_bytes": 64.0,
      "sig_size_bytes": 7856.0,
      "security_level": 128.0,
      "primary_metric_mean": 106.11120045499945,
      "primary_metric_std": 3.1992299704925555,
      "primary_metric_cv": 3.0149785854598004,
      "ci_95": 2.288591253236723,
      "n_seeds": 10,
      "per_seed_values": [
        103.24086020000323,
        103.17695714999786,
        103.74385050000114,
        112.1567271999993,
        105.29372975000797,
        101.89425684999378,
        107.75977845000853,
        109.04736584998886,
        107.34249969998473,
        107.45597890000909
      ]
    },
    "SLH-DSA-sha2-128f": {
      "keygen_latency_ms": 1.653996420002386,
      "sign_latency_ms": 0.03694977000407107,
      "verify_latency_ms": 0.000229629997079428,
      "ops_per_second": 605.8025865456417,
      "primary_metric": 1.653996420002386,
      "pk_size_bytes": 32.0,
      "sk_size_bytes": 64.0,
      "sig_size_bytes": 17088.0,
      "security_level": 128.0,
      "primary_metric_mean": 1.653996420002386,
      "primary_metric_std": 0.07788360300903004,
      "primary_metric_cv": 4.708813275963299,
      "ci_95": 0.055714573275763894,
      "n_seeds": 10,
      "per_seed_values": [
        1.674474450010166,
        1.7533783000089898,
        1.7358960500132525,
        1.7547982499991122,
        1.6638612499946248,
        1.6681911000148375,
        1.5664810499913528,
        1.578434499992909,
        1.586142850004535,
        1.5583063999940805
      ]
    },
    "SLH-DSA-shake-128s": {
      "keygen_latency_ms": 160.30925392499228,
      "sign_latency_ms": 0.02681005500789979,
      "verify_latency_ms": 0.0007028100009165428,
      "ops_per_second": 6.238858928659042,
      "primary_metric": 160.30925392499228,
      "pk_size_bytes": 32.0,
      "sk_size_bytes": 64.0,
      "sig_size_bytes": 7856.0,
      "security_level": 128.0,